{"cameraMode":{"drawMode":0,"name":"Shaded","section":"Shading Mode"},"sceneLighting":false,"audioPlay":false,"sceneViewState":{"m_AlwaysRefresh":false,"showFog":true,"showSkybox":false,"showFlares":true,"showImageEffects":true,"showParticleSystems":true,"showVisualEffectGraphs":true,"m_FxEnabled":true},"in2DMode":false,"pivot":{"x":0.6694058775901794,"y":0.33554333448410036,"z":1.110587477684021},"rotation":{"x":-0.12861308455467225,"y":0.5251076817512512,"z":-0.08065168559551239,"w":-0.8373881578445435},"size":0.7592846155166626,"orthographic":false}