{"cameraMode":{"drawMode":0,"name":"Shaded","section":"Shading Mode"},"sceneLighting":false,"audioPlay":false,"sceneViewState":{"m_AlwaysRefresh":false,"showFog":true,"showSkybox":false,"showFlares":true,"showImageEffects":true,"showParticleSystems":true,"showVisualEffectGraphs":true,"m_FxEnabled":true},"in2DMode":false,"pivot":{"x":0.96196448802948,"y":-0.36666226387023928,"z":-0.5725523233413696},"rotation":{"x":0.031008420512080194,"y":-0.8567028641700745,"z":0.5121530294418335,"w":0.05202720686793327},"size":1.340929627418518,"orthographic":false}