{"cameraMode":{"drawMode":0,"name":"Shaded","section":"Shading Mode"},"sceneLighting":false,"audioPlay":false,"sceneViewState":{"m_AlwaysRefresh":false,"showFog":true,"showSkybox":false,"showFlares":true,"showImageEffects":true,"showParticleSystems":true,"showVisualEffectGraphs":true,"m_FxEnabled":true},"in2DMode":false,"pivot":{"x":0.1380489468574524,"y":0.11073555052280426,"z":-1.0498114824295045},"rotation":{"x":-0.0008873298647813499,"y":0.9990516304969788,"z":0.028171885758638383,"w":0.03178112581372261},"size":0.8660253882408142,"orthographic":false}